{"cameraMode":{"drawMode":0,"name":"Shaded","section":"Shading Mode"},"sceneLighting":true,"audioPlay":false,"sceneViewState":{"showFog":true,"showMaterialUpdate":false,"showSkybox":false,"showFlares":true,"showImageEffects":true,"showParticleSystems":true},"in2DMode":false,"pivot":{"x":10.51535415649414,"y":1.0074574947357178,"z":20.249235153198243},"rotation":{"x":-0.11874755471944809,"y":0.5701066255569458,"z":-0.08372126519680023,"w":-0.8086212277412415},"size":9.017520904541016,"orthographic":false}