{"cameraMode":{"drawMode":0,"name":"Shaded","section":"Shading Mode"},"sceneLighting":true,"audioPlay":false,"sceneViewState":{"showFog":true,"showMaterialUpdate":false,"showSkybox":false,"showFlares":true,"showImageEffects":true,"showParticleSystems":true},"in2DMode":false,"pivot":{"x":8.961076736450196,"y":0.20926713943481446,"z":17.57061767578125},"rotation":{"x":-0.1284899115562439,"y":0.6325452327728272,"z":-0.10748035460710526,"w":-0.7561910152435303},"size":7.004017353057861,"orthographic":false}