{"cameraMode":{"drawMode":0,"name":"Shaded","section":"Shading Mode"},"sceneLighting":true,"audioPlay":false,"sceneViewState":{"showFog":true,"showMaterialUpdate":false,"showSkybox":true,"showFlares":true,"showImageEffects":true,"showParticleSystems":true},"in2DMode":false,"pivot":{"x":11.2381591796875,"y":0.291015625,"z":18.54541015625},"rotation":{"x":-0.15618130564689637,"y":-0.191868394613266,"z":0.030943969264626504,"w":-0.9684195518493652},"size":9.8080415725708,"orthographic":true}